date,main_contract,put_option,call_option,put_iv,call_iv,avg_iv
20240102,p2405.DF,pp2405-P-7000.DF,pp2405-C-7100.DF,14.024739854179593,17.15868418622045,15.591712020200022
20240103,p2405.DF,pp2405-P-6900.DF,pp2405-C-7000.DF,14.025990430491175,11.903732374740255,12.964861402615714
20240104,p2405.DF,pp2405-P-6900.DF,pp2405-C-7000.DF,14.584552389314522,12.919399453129124,13.751975921221824
20240105,p2405.DF,pp2405-P-7000.DF,pp2405-C-7100.DF,14.215326961238361,16.81586986057642,15.51559841090739
20240108,p2405.DF,pp2405-P-7000.DF,pp2405-C-7100.DF,14.651157338735052,16.985433469805265,15.81829540427016
20240109,p2405.DF,pp2405-P-7000.DF,pp2405-C-7100.DF,14.386562451607334,12.110297910092765,13.24843018085005
20240110,p2405.DF,pp2405-P-7200.DF,pp2405-C-7300.DF,14.504057886018726,12.150636222797853,13.327347054408289
20240111,p2405.DF,pp2405-P-7200.DF,pp2405-C-7300.DF,13.329980678662738,11.657015205935881,12.49349794229931
20240112,p2405.DF,pp2405-P-7300.DF,pp2405-C-7400.DF,13.321418435242439,11.340635341793307,12.331026888517872
20240115,p2405.DF,pp2405-P-7200.DF,pp2405-C-7400.DF,12.861701401642314,10.921779769569802,11.891740585606058
20240116,p2405.DF,pp2405-P-7300.DF,pp2405-C-7400.DF,13.002458747980908,11.23556269212463,12.119010720052769
20240117,p2405.DF,pp2405-P-7200.DF,pp2405-C-7300.DF,12.860522598005533,10.867382584604748,11.86395259130514
20240118,p2405.DF,pp2405-P-7400.DF,pp2405-C-7500.DF,13.043296423928382,10.846984838190094,11.945140631059239
20240119,p2405.DF,pp2405-P-7500.DF,pp2405-C-7600.DF,13.974777294573379,11.13809807954379,12.556437687058583
20240122,p2405.DF,pp2405-P-7400.DF,pp2405-C-7500.DF,12.946886777145657,10.752498898818496,11.849692837982076
20240123,p2405.DF,pp2405-P-7400.DF,pp2405-C-7500.DF,13.458697908822376,11.015211989987819,12.236954949405098
20240124,p2405.DF,pp2405-P-7400.DF,pp2405-C-7500.DF,13.12585300125356,10.99658113535638,12.06121706830497
20240125,p2405.DF,pp2405-P-7500.DF,pp2405-C-7600.DF,13.43646941193826,10.092118592003278,11.764294001970768
20240126,p2405.DF,pp2405-P-7500.DF,pp2405-C-7600.DF,13.093939786999858,11.966511146448942,12.5302254667244
20240129,p2405.DF,pp2405-P-7400.DF,pp2405-C-7500.DF,13.364149706231036,11.200699662054674,12.282424684142855
20240130,p2405.DF,pp2405-P-7100.DF,pp2405-C-7200.DF,13.88228465849972,12.904622547071366,13.393453602785543
20240131,p2405.DF,pp2405-P-7100.DF,pp2405-C-7200.DF,13.629922522491961,12.047146719443372,12.838534620967668
20240201,p2405.DF,pp2405-P-7100.DF,pp2405-C-7200.DF,14.02618972576089,18.06903508337013,16.047612404565513
20240202,p2405.DF,pp2405-P-7000.DF,pp2405-C-7100.DF,13.826214747708345,13.432215709040893,13.629215228374619
20240205,p2405.DF,pp2405-P-7000.DF,pp2405-C-7100.DF,13.624861140869903,14.255033993864954,13.93994756736743
20240206,p2405.DF,pp2405-P-7100.DF,pp2405-C-7200.DF,14.116831354528792,10.004905520763632,12.060868437646212
20240208,p2405.DF,pp2405-P-7200.DF,pp2405-C-7300.DF,13.486697529752053,11.386135634191968,12.436416581972011
20240219,p2405.DF,pp2405-P-7200.DF,pp2405-C-7300.DF,13.18672630707085,12.564707296995897,12.875716802033374
20240220,p2405.DF,pp2405-P-7300.DF,pp2405-C-7400.DF,12.646869234562065,11.412254835702482,12.029562035132273
20240221,p2405.DF,pp2405-P-7300.DF,pp2405-C-7400.DF,12.250964384442522,10.833299977394663,11.542132180918593
20240222,p2405.DF,pp2405-P-7300.DF,pp2405-C-7400.DF,11.332970104452414,10.134283035180784,10.7336265698166
20240223,p2405.DF,pp2405-P-7200.DF,pp2405-C-7300.DF,11.967256563856065,9.303971061421658,10.635613812638862
20240226,p2405.DF,pp2405-P-7200.DF,pp2405-C-7300.DF,11.802439402767495,11.314106074517328,11.558272738642412
20240227,p2405.DF,pp2405-P-7300.DF,pp2405-C-7400.DF,12.64404856406625,9.849907701386073,11.246978132726161
20240228,p2405.DF,pp2405-P-7300.DF,pp2405-C-7400.DF,11.963895441771122,10.609808627439286,11.286852034605204
20240229,p2405.DF,pp2405-P-7400.DF,pp2405-C-7500.DF,11.646775380954159,10.741541538547732,11.194158459750945
20240301,p2405.DF,pp2405-P-7500.DF,pp2405-C-7600.DF,11.81361577737816,10.864771892756425,11.339193835067292
20240304,p2405.DF,pp2405-P-7500.DF,pp2405-C-7600.DF,12.607369021153723,11.065645931463534,11.836507476308629
20240305,p2405.DF,pp2405-P-7500.DF,pp2405-C-7600.DF,11.489335830830264,11.086897723875257,11.28811677735276
20240306,p2405.DF,pp2405-P-7600.DF,pp2405-C-7700.DF,12.832562950763899,11.095011951317908,11.963787451040904
20240307,p2405.DF,pp2405-P-7600.DF,pp2405-C-7700.DF,10.67440555929846,11.650047250897504,11.162226405097982
20240308,p2405.DF,pp2405-P-7800.DF,pp2405-C-7900.DF,15.629449881654297,12.312859316483022,13.97115459906866
20240311,p2405.DF,pp2405-P-7700.DF,pp2405-C-7800.DF,15.125996264945304,12.105158123398189,13.615577194171745
20240312,p2405.DF,pp2405-P-7800.DF,pp2405-C-7900.DF,18.855151900576022,14.263078252281131,16.559115076428576
20240313,p2405.DF,pp2405-P-7800.DF,pp2405-C-8000.DF,16.13321825406343,15.759950454788344,15.946584354425887
20240314,p2405.DF,pp2405-P-8100.DF,pp2405-C-8200.DF,32.613058654916834,16.68961180444002,24.651335229678427
20240315,p2405.DF,pp2405-P-8000.DF,pp2405-C-8100.DF,20.70688998248157,18.57841341164968,19.642651697065624
20240318,p2405.DF,pp2405-P-8100.DF,pp2405-C-8200.DF,31.45086304318077,23.807172666145995,27.62901785466338
20240319,p2405.DF,pp2405-P-8100.DF,pp2405-C-8200.DF,29.411306966846073,19.230334779315054,24.320820873080564
20240320,p2405.DF,pp2405-P-8300.DF,pp2405-C-8400.DF,29.46357815141886,22.409104101762843,25.936341126590854
20240321,p2409.DF,pp2409-P-7600.DF,pp2409-C-7700.DF,16.495577324202248,32.096478227159274,24.296027775680763
20240322,p2409.DF,pp2409-P-7600.DF,pp2409-C-7700.DF,33.72455882658233,33.695689749139206,33.710124287860765
20240325,p2409.DF,pp2409-P-7600.DF,pp2409-C-7700.DF,15.474871363186862,14.681116676853033,15.077994020019947
20240326,p2409.DF,pp2409-P-7600.DF,pp2409-C-7700.DF,16.04741457991305,14.367026188821017,15.207220384367034
20240327,p2409.DF,pp2409-P-7500.DF,pp2409-C-7600.DF,13.688911405706675,12.905301713883436,13.297106559795054
20240328,p2409.DF,pp2409-P-7500.DF,pp2409-C-7600.DF,23.35081157281293,13.152603839214677,18.251707706013804
20240329,p2405.DF,pp2405-P-8200.DF,pp2405-C-8300.DF,35.48611286142028,24.980300546414338,30.23320670391731
20240401,p2405.DF,pp2405-P-8300.DF,pp2405-C-8400.DF,63.45016683735258,30.42087353058742,46.93552018397
20240402,p2405.DF,pp2405-P-8200.DF,pp2405-C-8300.DF,56.12928304923111,28.6126421772825,42.37096261325681
20240403,p2405.DF,pp2405-P-8500.DF,pp2405-C-8600.DF,79.72067024712159,39.596611317175686,59.65864078214864
20240408,p2405.DF,pp2405-P-8200.DF,pp2405-C-8300.DF,110.9437885195055,73.18658241985759,92.06518546968155
20240409,p2409.DF,pp2409-P-7800.DF,pp2409-C-7900.DF,16.351420947508252,12.103952774890983,14.227686861199619
20240410,p2409.DF,pp2409-P-7800.DF,pp2409-C-7900.DF,13.13017823004093,10.116952511506213,11.623565370773571
20240411,p2409.DF,pp2409-P-7800.DF,pp2409-C-7900.DF,12.806570555347616,10.93839145167381,11.872481003510714
20240412,p2409.DF,pp2409-P-7700.DF,pp2409-C-7800.DF,12.723629788275526,10.16095123069842,11.442290509486973
20240415,p2409.DF,pp2409-P-7600.DF,pp2409-C-7700.DF,12.060643279105973,9.634376854692084,10.847510066899028
20240416,p2409.DF,pp2409-P-7600.DF,pp2409-C-7700.DF,10.547683381053206,10.643795359571426,10.595739370312316
20240417,p2409.DF,pp2409-P-7400.DF,pp2409-C-7500.DF,10.654989898635367,8.344595405971116,9.499792652303242
20240418,p2409.DF,pp2409-P-7400.DF,pp2409-C-7500.DF,11.143127393943447,8.85287655411373,9.998001974028588
20240419,p2409.DF,pp2409-P-7300.DF,pp2409-C-7400.DF,10.704524024300962,9.936110561420026,10.320317292860494
20240422,p2409.DF,pp2409-P-7300.DF,pp2409-C-7400.DF,10.616066381332844,11.511353042143682,11.063709711738262
20240423,p2409.DF,pp2409-P-7400.DF,pp2409-C-7500.DF,10.78856138386621,8.736694978607563,9.762628181236886
20240424,p2409.DF,pp2409-P-7500.DF,pp2409-C-7600.DF,11.067764721039033,8.8272922926922,9.947528506865616
20240425,p2409.DF,pp2409-P-7300.DF,pp2409-C-7400.DF,10.917827870680409,6.965601427413651,8.941714649047029
20240426,p2409.DF,pp2409-P-7300.DF,pp2409-C-7500.DF,11.063767460623545,7.987592788885299,9.525680124754421
20240429,p2409.DF,pp2409-P-7400.DF,pp2409-C-7500.DF,10.833191120404036,8.744948502673006,9.789069811538521
20240430,p2409.DF,pp2409-P-7300.DF,pp2409-C-7400.DF,11.130027660188183,7.947477381923552,9.538752521055867
20240506,p2409.DF,pp2409-P-7400.DF,pp2409-C-7500.DF,11.085770147239424,8.998333247773768,10.042051697506597
20240507,p2409.DF,pp2409-P-7500.DF,pp2409-C-7600.DF,11.930734576356103,9.942496044171344,10.936615310263724
20240508,p2409.DF,pp2409-P-7400.DF,pp2409-C-7500.DF,10.889881473102356,9.472697939617483,10.18128970635992
20240509,p2409.DF,pp2409-P-7400.DF,pp2409-C-7500.DF,11.188803113126268,9.303475792420814,10.24613945277354
20240510,p2409.DF,pp2409-P-7200.DF,pp2409-C-7300.DF,10.96943929704716,7.598786056701344,9.284112676874251
20240513,p2409.DF,pp2409-P-7400.DF,pp2409-C-7500.DF,11.228948926980745,8.831761186085322,10.030355056533033
20240514,p2409.DF,pp2409-P-7400.DF,pp2409-C-7500.DF,11.527746400883785,9.394235576643686,10.460990988763736
20240515,p2409.DF,pp2409-P-7500.DF,pp2409-C-7600.DF,12.454150853271686,10.428748611045304,11.441449732158496
20240516,p2409.DF,pp2409-P-7400.DF,pp2409-C-7500.DF,11.95172135851888,9.325279309943726,10.638500334231303
20240517,p2409.DF,pp2409-P-7600.DF,pp2409-C-7700.DF,13.420454897393789,11.027599512077321,12.224027204735556
20240520,p2409.DF,pp2409-P-7600.DF,pp2409-C-7700.DF,13.312079569925018,11.70314082271405,12.507610196319533
20240521,p2409.DF,pp2409-P-7600.DF,pp2409-C-7700.DF,13.030159415613399,11.271748740013507,12.150954077813452
20240522,p2409.DF,pp2409-P-7600.DF,pp2409-C-7700.DF,12.9109208472323,10.448584205856246,11.679752526544274
20240523,p2409.DF,pp2409-P-7500.DF,pp2409-C-7600.DF,12.328595432295874,9.32403252392129,10.826313978108582
20240524,p2409.DF,pp2409-P-7500.DF,pp2409-C-7600.DF,12.806282088378065,10.16063337178658,11.483457730082323
20240527,p2409.DF,pp2409-P-7600.DF,pp2409-C-7700.DF,13.579522258630814,11.645246113174949,12.612384185902881
20240528,p2409.DF,pp2409-P-7700.DF,pp2409-C-7800.DF,13.076936853569615,11.112886221369596,12.094911537469606
20240529,p2409.DF,pp2409-P-7800.DF,pp2409-C-7900.DF,13.55533299006631,11.717449260410472,12.63639112523839
20240530,p2409.DF,pp2409-P-7700.DF,pp2409-C-7800.DF,13.433286122496,10.893942926822419,12.16361452465921
20240531,p2409.DF,pp2409-P-7900.DF,pp2409-C-8000.DF,13.51800396787825,13.185735687784023,13.351869827831138
20240603,p2409.DF,pp2409-P-7600.DF,pp2409-C-7700.DF,12.864507596394315,11.15461171165779,12.009559654026052
20240604,p2409.DF,pp2409-P-7600.DF,pp2409-C-7700.DF,12.93456835839854,11.144020575071938,12.039294466735239
20240605,p2409.DF,pp2409-P-7600.DF,pp2409-C-7700.DF,12.829102598463304,11.649546566470681,12.239324582466992
20240606,p2409.DF,pp2409-P-7700.DF,pp2409-C-7800.DF,13.440679899645286,12.216475241182078,12.828577570413682
20240607,p2409.DF,pp2409-P-7700.DF,pp2409-C-7900.DF,13.243447246280235,12.870660004897067,13.057053625588651
20240611,p2409.DF,pp2409-P-7500.DF,pp2409-C-7600.DF,12.832020695230495,11.01707602569377,11.924548360462133
20240612,p2409.DF,pp2409-P-7700.DF,pp2409-C-7800.DF,13.086954299635037,12.10068370542469,12.593819002529862
20240613,p2409.DF,pp2409-P-7700.DF,pp2409-C-7800.DF,12.752351487601238,11.157121256201624,11.954736371901431
20240614,p2409.DF,pp2409-P-7600.DF,pp2409-C-7700.DF,11.91977951241303,9.567576841743493,10.743678177078262
20240617,p2409.DF,pp2409-P-7500.DF,pp2409-C-7600.DF,12.200814589634236,9.764726303719755,10.982770446676994
20240618,p2409.DF,pp2409-P-7600.DF,pp2409-C-7700.DF,12.049576762880339,9.743803092744608,10.896689927812474
20240619,p2409.DF,pp2409-P-7700.DF,pp2409-C-7800.DF,11.534338230330823,9.987095308278315,10.760716769304569
20240620,p2409.DF,pp2409-P-7600.DF,pp2409-C-7800.DF,10.885830156804989,10.209858745634483,10.547844451219735
20240621,p2409.DF,pp2409-P-7600.DF,pp2409-C-7700.DF,10.360981560812652,9.763371639381196,10.062176600096924
20240624,p2409.DF,pp2409-P-7600.DF,pp2409-C-7700.DF,10.733199201783998,8.904296198646728,9.818747700215363
20240625,p2409.DF,pp2409-P-7500.DF,pp2409-C-7600.DF,10.654688601461174,8.261799364382195,9.458243982921685
20240626,p2409.DF,pp2409-P-7600.DF,pp2409-C-7700.DF,10.880870968082347,9.000466119734174,9.94066854390826
20240627,p2409.DF,pp2409-P-7500.DF,pp2409-C-7600.DF,11.13199176035677,10.161090508548778,10.646541134452775
20240628,p2409.DF,pp2409-P-7600.DF,pp2409-C-7700.DF,11.198750670875155,8.990173194579793,10.094461932727473
20240701,p2409.DF,pp2409-P-7800.DF,pp2409-C-7900.DF,10.692398080183068,10.031829270038969,10.362113675111019
20240702,p2409.DF,pp2409-P-7900.DF,pp2409-C-8000.DF,11.292805833971135,9.848025825496336,10.570415829733737
20240703,p2409.DF,pp2409-P-7900.DF,pp2409-C-8000.DF,11.22044816329629,9.778208220556806,10.499328191926548
20240704,p2409.DF,pp2409-P-7900.DF,pp2409-C-8100.DF,7.359016613736358,10.729668497734929,9.044342555735643
20240705,p2409.DF,pp2409-P-7900.DF,pp2409-C-8000.DF,10.270985199637437,9.86467463114736,10.067829915392398
20240708,p2409.DF,pp2409-P-7900.DF,pp2409-C-8000.DF,11.143394917101359,11.186183728659328,11.164789322880344
20240709,p2409.DF,pp2409-P-7700.DF,pp2409-C-7800.DF,10.097184396560149,10.038276708979257,10.067730552769703
20240710,p2409.DF,pp2409-P-7600.DF,pp2409-C-7700.DF,9.354696650423731,8.508903270958207,8.93179996069097
20240711,p2409.DF,pp2409-P-7600.DF,pp2409-C-7700.DF,9.330413981918868,8.473802616684731,8.9021082993018
20240712,p2409.DF,pp2409-P-7700.DF,pp2409-C-7800.DF,10.380412033334872,9.325328349606119,9.852870191470496
20240715,p2409.DF,pp2409-P-7700.DF,pp2409-C-7800.DF,10.36504690009937,9.681719364521934,10.023383132310652
20240716,p2409.DF,pp2409-P-7800.DF,pp2409-C-7900.DF,10.550143551425336,10.117486995519762,10.333815273472549
20240717,p2409.DF,pp2409-P-7800.DF,pp2409-C-7900.DF,10.478163125450168,10.511646828842832,10.4949049771465
20240718,p2409.DF,pp2409-P-7900.DF,pp2409-C-8000.DF,16.26313115196502,11.251336999354205,13.757234075659612
20240719,p2409.DF,pp2409-P-7800.DF,pp2409-C-7900.DF,10.73011540774911,10.364675067062631,10.54739523740587
20240722,p2409.DF,pp2409-P-7900.DF,pp2409-C-8000.DF,18.432726690423372,12.06899350911767,15.25086009977052
20240723,p2409.DF,pp2409-P-7800.DF,pp2409-C-7900.DF,10.340336727540352,11.98871591024196,11.164526318891156
20240724,p2409.DF,pp2409-P-7700.DF,pp2409-C-7800.DF,9.40377081873124,10.34112881148601,9.872449815108626
20240725,p2409.DF,pp2409-P-7700.DF,pp2409-C-7800.DF,10.11242129901978,9.407914102230254,9.760167700625018
20240726,p2409.DF,pp2409-P-7800.DF,pp2409-C-7900.DF,12.685243496275845,11.974636327387312,12.329939911831579
20240729,p2409.DF,pp2409-P-7800.DF,pp2409-C-7900.DF,21.93076072568525,13.06776877700668,17.499264751345965
20240730,p2501.DF,pp2501-P-7600.DF,pp2501-C-7700.DF,12.140151538042344,12.074655280057021,12.107403409049683
20240731,p2409.DF,pp2409-P-7700.DF,pp2409-C-7800.DF,11.630524282676811,10.574445204291987,11.1024847434844
20240801,p2409.DF,pp2409-P-7700.DF,pp2409-C-7800.DF,8.681521812443531,11.114608988512119,9.898065400477826
20240802,p2409.DF,pp2409-P-7900.DF,pp2409-C-8000.DF,20.053212620032856,19.513203994776482,19.78320830740467
20240805,p2501.DF,pp2501-P-7600.DF,pp2501-C-7700.DF,10.488011808709894,12.044942789555138,11.266477299132516
20240806,p2409.DF,pp2409-P-7500.DF,pp2409-C-7700.DF,16.36893671068033,23.02607343401828,19.697505072349305
20240807,p2501.DF,pp2501-P-7400.DF,pp2501-C-7500.DF,10.21544788432503,9.109126024383876,9.662286954354453
20240808,p2501.DF,pp2501-P-7400.DF,pp2501-C-7500.DF,10.938014141448296,8.319501218904799,9.628757680176548
20240809,p2501.DF,pp2501-P-7500.DF,pp2501-C-7600.DF,11.866288350511473,9.675194929139241,10.770741639825356
20240812,p2501.DF,pp2501-P-7500.DF,pp2501-C-7600.DF,12.190864125694315,7.937393851461544,10.064128988577929
20240813,p2501.DF,pp2501-P-7400.DF,pp2501-C-7500.DF,11.307202509919122,7.518091794189156,9.41264715205414
20240814,p2501.DF,pp2501-P-7400.DF,pp2501-C-7500.DF,11.09305171436909,8.094039193842764,9.593545454105927
20240815,p2501.DF,pp2501-P-7400.DF,pp2501-C-7500.DF,12.027271635632141,8.343870377622196,10.185571006627168
20240816,p2501.DF,pp2501-P-7400.DF,pp2501-C-7500.DF,11.44497423952978,8.526430248097576,9.985702243813677
20240819,p2501.DF,pp2501-P-7500.DF,pp2501-C-7600.DF,11.569044378783975,9.371786763026035,10.470415570905004
20240820,p2501.DF,pp2501-P-7600.DF,pp2501-C-7700.DF,11.462571327089263,9.525805963940345,10.494188645514804
20240821,p2501.DF,pp2501-P-7600.DF,pp2501-C-7700.DF,11.75458793307392,9.174834968099725,10.464711450586822
20240822,p2501.DF,pp2501-P-7700.DF,pp2501-C-7800.DF,11.20114407859015,9.932314993948339,10.566729536269245
20240823,p2501.DF,pp2501-P-7800.DF,pp2501-C-7900.DF,13.558462324745932,10.739621106477673,12.149041715611801
20240826,p2501.DF,pp2501-P-8000.DF,pp2501-C-8100.DF,18.478438499567503,11.473177773080739,14.97580813632412
20240827,p2501.DF,pp2501-P-8000.DF,pp2501-C-8100.DF,17.779034179944436,10.653934295378157,14.216484237661296
20240828,p2501.DF,pp2501-P-8000.DF,pp2501-C-8100.DF,13.993049401908955,10.823078029930876,12.408063715919916
20240829,p2501.DF,pp2501-P-7900.DF,pp2501-C-8000.DF,12.195322238530801,10.160770784174646,11.178046511352724
20240830,p2501.DF,pp2501-P-8000.DF,pp2501-C-8100.DF,13.29483395541371,10.151568196722947,11.723201076068328
20240902,p2501.DF,pp2501-P-7900.DF,pp2501-C-8000.DF,11.446085943900265,9.491304570385987,10.468695257143125
20240903,p2505.DF,pp2505-P-7900.DF,pp2505-C-8000.DF,10.761387189209966,9.090027230216977,9.925707209713472
20240904,p2505.DF,pp2505-P-7700.DF,pp2505-C-7800.DF,9.567815397498741,11.683789888958557,10.62580264322865
20240905,p2505.DF,pp2505-P-7700.DF,pp2505-C-7800.DF,11.733831816450687,11.993203200754957,11.863517508602822
20240906,p2501.DF,pp2501-P-7800.DF,pp2501-C-7900.DF,14.040057256872506,10.93210330336269,12.486080280117598
20240909,p2501.DF,pp2501-P-7800.DF,pp2501-C-7900.DF,16.352195158010254,10.93226843112851,13.642231794569382
20240910,p2505.DF,pp2505-P-7700.DF,pp2505-C-7800.DF,14.790248629507882,12.24761512296776,13.518931876237822
20240911,p2501.DF,pp2501-P-7800.DF,pp2501-C-7900.DF,13.686950667640584,11.47598660345163,12.581468635546107
20240912,p2501.DF,pp2501-P-7800.DF,pp2501-C-7900.DF,22.110063709479245,12.895134923271629,17.502599316375438
20240913,p2501.DF,pp2501-P-7700.DF,pp2501-C-7800.DF,13.232022279515762,12.124056894066705,12.678039586791233
20240918,p2501.DF,pp2501-P-7900.DF,pp2501-C-8000.DF,15.080834130219097,13.432918970551395,14.256876550385247
20240919,p2501.DF,pp2501-P-8100.DF,pp2501-C-8200.DF,24.690322642371832,14.599392937833422,19.644857790102627
20240920,p2501.DF,pp2501-P-8100.DF,pp2501-C-8200.DF,20.426912863175996,13.77694281805486,17.101927840615428
20240924,p2501.DF,pp2501-P-8200.DF,pp2501-C-8300.DF,28.989808898477804,12.58165141098718,20.78573015473249
20240925,p2501.DF,pp2501-P-8300.DF,pp2501-C-8400.DF,27.084554443551983,16.924524604033795,22.00453952379289
20240927,p2501.DF,pp2501-P-8600.DF,p2501-C-8700.DF,30.979337317179585,19.051761810919015,25.0155495640493
20240930,p2501.DF,pp2501-P-8500.DF,pp2501-C-8600.DF,37.24078708751601,20.005098981636323,28.622943034576167
20241008,p2501.DF,p2501-P-8700.DF,p2501-C-8800.DF,24.026204610043866,21.452672057143314,22.73943833359359
20241009,p2505.DF,pp2505-P-8300.DF,pp2505-C-8400.DF,16.80399593146914,16.371656288298233,16.587826109883686
20241010,p2505.DF,pp2505-P-8300.DF,pp2505-C-8400.DF,14.383258383497143,12.145758657600455,13.264508520548798
20241015,p2501.DF,p2501-P-8700.DF,p2501-C-8800.DF,23.757322508785396,21.895507627507016,22.826415068146204
20241219,p2505.DF,p2505-P-8700.DF,p2505-C-8800.DF,21.16270092990389,18.06104762725449,19.61187427857919
20241220,p2505.DF,p2505-P-8700.DF,p2505-C-8800.DF,20.941193435489346,18.386853949795725,19.664023692642537
20241225,p2505.DF,p2505-P-8700.DF,p2505-C-8800.DF,21.205565962865666,18.827054777079457,20.01631036997256
20241226,p2505.DF,p2505-P-8700.DF,p2505-C-8800.DF,20.669545429898704,18.799728216633987,19.734636823266346
20241227,p2505.DF,p2505-P-8700.DF,p2505-C-8800.DF,20.372328969345403,18.309667821846567,19.340998395595985
20241230,p2505.DF,p2505-P-8700.DF,p2505-C-8800.DF,20.666986738755757,18.76696981896466,19.71697827886021
20241231,p2505.DF,pp2505-P-8600.DF,p2505-C-8700.DF,28.86781619371659,18.426912116091888,23.64736415490424
20250102,p2505.DF,pp2505-P-8400.DF,pp2505-C-8500.DF,22.840281281231526,12.561506266880999,17.70089377405626
20250103,p2509.DF,pp2509-P-8000.DF,pp2509-C-8200.DF,11.647159600335003,9.725294861198831,10.686227230766917
20250107,p2505.DF,p2505-P-8700.DF,p2505-C-8800.DF,22.439557657873205,19.837700610806852,21.13862913434003
20250109,p2505.DF,pp2505-P-8400.DF,pp2505-C-8500.DF,22.98601079277001,14.514219644580567,18.75011521867529
20250110,p2505.DF,pp2505-P-8500.DF,pp2505-C-8600.DF,25.297893676465943,14.965338813680024,20.131616245072983
20250113,p2505.DF,p2505-P-8700.DF,p2505-C-8800.DF,22.091194662843268,19.886508403891753,20.98885153336751
20250114,p2505.DF,p2505-P-8700.DF,p2505-C-8800.DF,21.8294997938696,19.749996497176603,20.789748145523102
20250115,p2505.DF,pp2505-P-8400.DF,pp2505-C-8500.DF,20.68537006450028,15.515463948213066,18.100417006356672
20250116,p2505.DF,pp2505-P-8300.DF,pp2505-C-8400.DF,21.651908295076094,14.56740606369891,18.1096571793875
20250117,p2505.DF,pp2505-P-8300.DF,pp2505-C-8400.DF,18.828418795725565,11.436654285687045,15.132536540706305
20250120,p2509.DF,pp2509-P-8000.DF,pp2509-C-8200.DF,14.182472342153538,10.471096209609229,12.326784275881383
20250121,p2509.DF,pp2509-P-8000.DF,pp2509-C-8200.DF,13.190841245033672,10.956216588965734,12.073528916999702
20250123,p2509.DF,pp2509-P-8000.DF,pp2509-C-8200.DF,14.070888482253826,10.705049459174123,12.387968970713974
20250124,p2509.DF,pp2509-P-8000.DF,pp2509-C-8200.DF,14.436873318408832,9.665745706935487,12.051309512672159
20250127,p2505.DF,pp2505-P-8400.DF,pp2505-C-8500.DF,25.89354800224171,15.66093104499001,20.77723952361586
20250407,p2505.DF,p2505-P-8700.DF,p2505-C-8800.DF,29.61251726396795,28.000905873056347,28.80671156851215
20250408,p2505.DF,p2505-P-8700.DF,p2505-C-8800.DF,25.78603121995639,24.18798390852533,24.98700756424086
20250410,p2505.DF,p2505-P-8700.DF,p2505-C-8800.DF,22.671340863358875,21.436774228880477,22.054057546119676
20250411,p2505.DF,p2505-P-8700.DF,p2505-C-8800.DF,24.328785660498177,22.432502261163005,23.38064396083059
20250414,p2505.DF,p2505-P-8700.DF,p2505-C-8800.DF,26.758684023986962,24.804872910348625,25.781778467167793
20250415,p2505.DF,p2505-P-8700.DF,p2505-C-8800.DF,19.74750424663358,18.80428254370553,19.275893395169554
20250418,p2509.DF,pp2509-P-8000.DF,pp2509-C-8200.DF,17.606182870755738,10.678565616528239,14.142374243641989
20250423,p2509.DF,pp2509-P-8200.DF,pp2509-C-8400.DF,26.067883066767106,14.363699291367576,20.21579117906734
20250425,p2509.DF,pp2509-P-8200.DF,pp2509-C-8400.DF,21.27048577681727,15.297854797195413,18.28417028700634
20250428,p2509.DF,pp2509-P-8000.DF,pp2509-C-8200.DF,19.33561686536183,10.56123854265357,14.948427704007699
20250507,p2509.DF,pp2509-P-7800.DF,pp2509-C-8000.DF,19.89496912111757,12.833696067732744,16.364332594425157
20250512,p2509.DF,pp2509-P-8000.DF,pp2509-C-8200.DF,24.25228964579541,14.875363281781976,19.563826463788693
20250513,p2509.DF,pp2509-P-7800.DF,pp2509-C-8000.DF,25.248466764975515,12.684045336835625,18.96625605090557
20250514,p2509.DF,pp2509-P-8000.DF,pp2509-C-8200.DF,30.118730011268173,10.11045147229988,20.114590741784028
20250515,p2509.DF,pp2509-P-8000.DF,pp2509-C-8200.DF,19.78195363620759,10.486848768356824,15.134401202282206
20250521,p2601.DF,pp2601-P-8000.DF,pp2601-C-8200.DF,17.735497471671437,9.493566483864605,13.61453197776802
20250529,p2509.DF,pp2509-P-8000.DF,pp2509-C-8200.DF,27.223479375429864,15.301196956639377,21.26233816603462
20250603,p2509.DF,pp2509-P-8000.DF,pp2509-C-8200.DF,24.168462430478936,13.85373605912212,19.011099244800526
20250604,p2509.DF,pp2509-P-8000.DF,pp2509-C-8200.DF,31.054593565314875,15.56201985717344,23.308306711244157
20250605,p2601.DF,pp2601-P-8000.DF,pp2601-C-8200.DF,20.689625850157544,9.174526594913521,14.932076222535532
20250606,p2509.DF,pp2509-P-8000.DF,pp2509-C-8200.DF,24.389748876706296,18.299059184357592,21.344404030531944
20250609,p2509.DF,pp2509-P-8000.DF,pp2509-C-8200.DF,24.560768013216634,19.150947980109915,21.855857996663275
20250610,p2509.DF,pp2509-P-8000.DF,pp2509-C-8200.DF,24.493266316792838,19.658281368916487,22.075773842854662
20250611,p2509.DF,pp2509-P-7800.DF,pp2509-C-8000.DF,22.846509123279674,16.588087026301483,19.717298074790577
20250612,p2509.DF,pp2509-P-8000.DF,pp2509-C-8200.DF,25.72465191227546,18.502769135809096,22.113710524042276
20250613,p2509.DF,pp2509-P-8000.DF,pp2509-C-8200.DF,21.491490118644453,16.925001433505415,19.208245776074932
20250616,p2509.DF,pp2509-P-8400.DF,p2509-C-8600.DF,39.432215096104,17.267523535031682,28.349869315567844
20250617,p2509.DF,pp2509-P-8400.DF,p2509-C-8600.DF,30.623126161225443,16.849960585880634,23.73654337355304
20250618,p2509.DF,pp2509-P-8400.DF,p2509-C-8600.DF,41.19159349661281,17.096741915653453,29.144167706133132
20250619,p2509.DF,pp2509-P-8400.DF,p2509-C-8600.DF,37.37466048997808,18.145183190994075,27.75992184048608
20250626,p2509.DF,pp2509-P-8200.DF,pp2509-C-8400.DF,32.644896607607365,18.706571379193417,25.675733993400392
20250627,p2509.DF,pp2509-P-8200.DF,pp2509-C-8400.DF,29.049861352399603,18.962390863453308,24.006126107926455
